Curr IP,Server IP,CDN IP,Trc Server,Trc CDN,Trc Diff.,Ping Server,Ping CDN,Ping Diff,CDN?,Hops Server,Hops CDN,Distance Server,Distance CDN,Distance Diff.,CDN TTL
13.57.229.187,172.217.6.46,172.217.164.100,197.6923942565918,197.5538730621338,0.1385211944580078,3.093,24.173,-21.08,No,16,16,10.68649768129824,10.68649768129824,0.0,4
13.57.229.187,216.58.194.174,172.217.0.46,10201.772689819336,168.05124282836914,10033.721446990967,2.516,2.610,-0.09399999999999986,Yes,16,16,10.68649768129824,10.68649768129824,0.0,60
13.57.229.187,31.13.70.36,157.240.11.35,284.5942974090576,1454.9753665924072,-1170.3810691833496,10.341,10.954,-0.6130000000000013,Yes,20,20,305.4771129418731,17.819383396597647,287.65772954527546,20
13.57.229.187,220.181.57.216,104.193.88.123,44018.96142959595,55443.8054561615,-11424.844026565552,238.406,17.966,220.44,Yes,32,32,5959.94544874308,1318.3535005864298,4641.591948156651,7
13.57.229.187,198.35.26.96,198.35.26.96,100108.478307724,100113.55352401733,-5.075216293334961,3.255,3.324,-0.06899999999999995,Yes,32,32,41.58486272128258,41.58486272128258,0.0,60
13.57.229.187,151.101.65.140,151.101.189.140,100127.63810157776,100332.72528648376,-205.08718490600586,2.147,2.724,-0.5770000000000004,Yes,32,32,40.52738651831432,0.0,40.52738651831432,7
13.57.229.187,98.137.246.7,98.138.219.231,882.3873996734619,1119.1892623901367,-236.8018627166748,45.683,28.678,17.005,Yes,19,19,8.718210399968395,8.718210399968395,0.0,7
13.57.229.187,111.161.64.48,23.215.102.163,67322.36051559448,131.49595260620117,67190.86456298828,277.383,2.369,275.01399999999995,Yes,32,14,5971.075770746047,2683.5741136952497,3287.5016570507973,20
13.57.229.187,140.205.94.189,66.102.255.57,47985.4953289032,58966.30859375,-10980.813264846802,273.146,9.297,263.849,Yes,32,32,6293.640161560898,2402.1462226866506,3891.4939388742478,60
13.57.229.187,176.32.98.166,54.239.132.93,16753.254890441895,95150.96926689148,-78397.71437644958,61.273,3.341,57.932,Yes,32,32,2396.50441953451,709.3337726924899,1687.17064684202,39
13.57.229.187,104.244.42.1,104.244.42.65,8296.737432479858,8102.737903594971,193.9995288848877,5.474,5.420,0.05400000000000027,Yes,15,15,41.566041827743966,41.566041827743966,0.0,60
13.57.229.187,172.217.6.35,172.217.3.163,201.981782913208,10542.529582977295,-10340.547800064087,2.285,24.050,-21.765,No,16,21,10.68649768129824,10.68649768129824,0.0,39
13.57.229.187,140.205.94.193,66.102.255.18,48296.11611366272,60565.99259376526,-12269.876480102539,283.403,9.706,273.697,Yes,32,32,6293.640161560898,2402.1462226866506,3891.4939388742478,60
13.57.229.187,220.181.90.20,104.254.66.16,51163.96927833557,81879.15134429932,-30715.182065963745,191.459,3.362,188.097,Yes,32,32,5959.94544874308,1318.3535005864298,4641.591948156651,60
13.57.229.187,204.79.197.212,204.79.197.212,95132.6630115509,95114.60733413696,18.05567741394043,3.007,2.289,0.718,Yes,32,32,713.8936637469193,713.8936637469193,0.0,60
13.57.229.187,52.87.65.142,31.13.70.32,26392.149209976196,281.9545269012451,26110.19468307495,62.035,11.075,50.959999999999994,Yes,32,20,2396.50441953451,305.4771129418731,2091.0273065926367,60
13.57.229.187,87.240.129.189,87.240.129.72,21581.506729125977,26559.396028518677,-4977.8892993927,198.044,195.222,2.8220000000000027,Yes,32,32,5908.564892676899,5908.564892676899,0.0,60
13.57.229.187,106.39.167.118,192.229.173.173,53345.168352127075,584.9735736846924,52760.19477844238,199.584,210.757,-11.173000000000002,No,32,18,5959.94544874308,1318.3535005864298,4641.591948156651,60
13.57.229.187,123.125.104.197,123.125.104.197,18666.22304916382,26076.241970062256,-7410.0189208984375,277.027,277.243,-0.21600000000000819,Yes,27,25,5959.94544874308,5959.94544874308,0.0,60
13.57.229.187,202.108.33.60,36.51.254.37,8150.369882583618,8036.448955535889,113.92092704772949,275.853,165.425,110.428,Yes,25,23,5959.94544874308,5959.94544874308,0.0,60
13.57.229.187,5.255.255.88,77.88.55.80,12264.212369918823,11877.038717269897,387.1736526489258,186.344,185.008,1.3359999999999843,Yes,32,32,5908.564892676899,5908.564892676899,0.0,60
13.57.229.187,101.198.193.22,101.198.193.22,15899.644374847412,15260.528802871704,639.115571975708,9.117,9.155,-0.03799999999999848,Yes,22,22,5959.94544874308,5959.94544874308,0.0,60
13.57.229.187,216.58.194.163,173.194.202.94,10230.037450790405,50431.3850402832,-40201.3475894928,2.371,22.583,-20.212,No,16,29,10.68649768129824,10.68649768129824,0.0,60
13.57.229.187,216.58.195.67,172.217.3.195,230.83043098449707,10540.783166885376,-10309.952735900879,2.651,22.446,-19.795,No,16,21,10.68649768129824,10.68649768129824,0.0,60
13.57.229.187,108.174.10.10,108.174.10.10,100117.78402328491,100136.25001907349,-18.46599578857422,1.870,1.899,-0.028999999999999915,Yes,32,32,10.68649768129824,10.68649768129824,0.0,60
13.57.229.187,172.217.3.163,74.125.135.94,20485.494375228882,45370.09024620056,-24884.59587097168,23.929,2.409,21.52,Yes,21,27,10.68649768129824,10.68649768129824,0.0,60
13.57.229.187,172.217.164.99,172.217.6.35,207.37266540527344,199.18060302734375,8.192062377929688,2.495,2.437,0.058000000000000274,Yes,16,16,10.68649768129824,10.68649768129824,0.0,60
13.57.229.187,216.58.194.195,172.217.6.35,10163.576364517212,117.35320091247559,10046.223163604736,2.587,2.428,0.15900000000000025,Yes,16,16,10.68649768129824,10.68649768129824,0.0,60
13.57.229.187,216.18.168.16,216.18.168.16,85651.40914916992,85730.4618358612,-79.05268669128418,11.488,11.513,-0.025000000000000355,Yes,32,32,2674.2850801452764,2674.2850801452764,0.0,60
13.57.229.187,172.217.6.35,216.58.195.67,194.97919082641602,215.99459648132324,-21.015405654907227,2.371,2.518,-0.1469999999999998,Yes,16,16,10.68649768129824,10.68649768129824,0.0,60
13.57.229.187,151.101.130.167,151.101.66.167,100090.76142311096,100120.8164691925,-30.05504608154297,1.934,1.925,0.008999999999999897,Yes,32,32,40.52738651831432,40.52738651831432,0.0,60
13.57.229.187,216.58.194.163,172.217.5.99,10688.302755355835,10228.099346160889,460.2034091949463,2.611,2.251,0.3600000000000003,Yes,16,16,10.68649768129824,10.68649768129824,0.0,60
13.57.229.187,47.95.164.112,47.95.164.112,70747.98893928528,47040.54927825928,23707.439661026,226.439,228.557,-2.117999999999995,No,32,32,6293.640161560898,6293.640161560898,0.0,60
13.57.229.187,183.79.135.206,183.79.248.124,71752.79474258423,80704.0627002716,-8951.267957687378,105.986,119.437,-13.450999999999993,No,32,32,5334.996118048627,5334.996118048627,0.0,60
13.57.229.187,199.59.150.44,199.59.150.44,5166.37396812439,5143.715381622314,22.658586502075195,5.264,5.313,-0.04899999999999949,Yes,15,15,41.566041827743966,41.566041827743966,0.0,60
13.57.229.187,13.107.21.200,204.79.197.200,95128.12614440918,95129.63914871216,-1.5130043029785156,2.433,23.645,-21.212,No,32,32,713.8936637469193,713.8936637469193,0.0,19
13.57.229.187,172.217.164.99,172.217.5.99,205.77335357666016,10219.955205917358,-10014.181852340698,2.606,2.415,0.19099999999999984,Yes,16,16,10.68649768129824,10.68649768129824,0.0,60
13.57.229.187,216.58.194.163,172.217.5.99,10175.219535827637,10126.11699104309,49.1025447845459,2.598,2.370,0.22799999999999976,Yes,16,16,10.68649768129824,10.68649768129824,0.0,60
13.57.229.187,110.75.129.5,110.75.245.23,44418.52807998657,47360.1233959198,-2941.5953159332275,198.814,192.724,6.090000000000003,Yes,32,32,6293.640161560898,6293.640161560898,0.0,60
13.57.229.187,94.100.180.201,94.100.180.70,57591.09115600586,61640.25092124939,-4049.1597652435303,195.517,202.699,-7.182000000000016,No,32,32,5908.564892676899,5908.564892676899,0.0,60
13.57.229.187,216.58.195.227,172.217.3.195,10192.177057266235,10556.077718734741,-363.90066146850586,2.500,22.542,-20.042,No,16,21,10.68649768129824,10.68649768129824,0.0,60
13.57.229.187,217.20.147.1,217.20.155.13,62161.306619644165,66319.05961036682,-4157.752990722656,196.711,196.365,0.34600000000000364,Yes,32,32,5908.564892676899,5908.564892676899,0.0,60
13.57.229.187,192.155.212.203,157.240.11.53,85152.32586860657,354.72941398620605,84797.59645462036,60.457,11.954,48.503,Yes,32,20,0.0,17.819383396597647,-17.819383396597647,60
13.57.229.187,151.101.40.193,151.101.40.193,100110.41641235352,100124.12023544312,-13.70382308959961,1.784,2.059,-0.27500000000000013,Yes,32,32,0.0,0.0,0.0,30
13.57.229.187,198.11.132.250,104.80.206.62,71222.0025062561,200.21295547485352,71021.78955078125,2.949,3.401,-0.45199999999999996,Yes,32,14,28.61690695711888,2683.5741136952497,-2654.957206738131,0
13.57.229.187,151.101.193.69,151.101.129.69,100115.42177200317,100103.5647392273,11.857032775878906,1.895,1.953,-0.05800000000000005,Yes,32,32,40.52738651831432,40.52738651831432,0.0,60
13.57.229.187,192.0.78.9,192.0.78.12,129.5762062072754,117.27094650268555,12.305259704589844,1.904,1.932,-0.028000000000000025,Yes,14,14,930.2555938602891,930.2555938602891,0.0,60
13.57.229.187,172.217.5.99,216.58.194.163,10280.904769897461,10171.803712844849,109.1010570526123,2.387,2.659,-0.2719999999999998,Yes,16,16,10.68649768129824,10.68649768129824,0.0,60
13.57.229.187,192.30.255.112,192.30.255.113,70319.84448432922,70254.71520423889,65.12928009033203,21.139,21.138,0.0009999999999976694,Yes,32,32,40.52738651831432,40.52738651831432,0.0,10
13.57.229.187,151.101.0.194,151.101.192.194,100118.63875389099,100162.1344089508,-43.49565505981445,1.964,1.959,0.004999999999999893,Yes,32,32,40.52738651831432,40.52738651831432,0.0,60
13.57.229.187,172.217.6.35,172.217.6.35,235.9919548034668,1380.568027496338,-1144.576072692871,2.376,2.328,0.04800000000000004,Yes,16,16,10.68649768129824,10.68649768129824,0.0,60
13.57.229.187,52.94.225.248,52.94.237.74,31195.6205368042,21388.80228996277,9806.81824684143,62.270,63.113,-0.8429999999999964,Yes,32,32,2396.50441953451,2396.50441953451,0.0,60
13.57.229.187,109.71.161.200,109.71.161.200,90136.25812530518,90211.46392822266,-75.20580291748047,11.301,11.228,0.0730000000000004,Yes,32,32,5651.681447997478,5651.681447997478,0.0,60
13.57.229.187,52.119.161.5,54.239.132.153,25578.868865966797,95127.67314910889,-69548.80428314209,21.803,1.850,19.953,Yes,32,32,599.6299218282041,709.3337726924899,-109.70385086428576,60
13.57.229.187,88.208.29.24,88.208.18.30,31536.67640686035,31477.81276702881,58.86363983154297,150.877,150.986,-0.10899999999998045,Yes,32,32,5490.000438273145,5490.000438273145,0.0,60
13.57.229.187,216.58.195.73,172.217.0.41,250.6997585296631,247.17426300048828,3.5254955291748047,2.503,2.446,0.05699999999999994,Yes,16,16,10.68649768129824,10.68649768129824,0.0,60
13.57.229.187,216.58.194.163,172.217.3.195,10170.095682144165,10944.612264633179,-774.5165824890137,2.590,23.939,-21.349,No,16,21,10.68649768129824,10.68649768129824,0.0,60
13.57.229.187,216.58.194.163,216.58.195.67,10138.984441757202,707.1492671966553,9431.835174560547,2.674,2.563,0.11099999999999977,Yes,16,16,10.68649768129824,10.68649768129824,0.0,60
13.57.229.187,220.181.163.1,103.235.46.234,58171.5190410614,66426.6185760498,-8255.099534988403,195.507,187.861,7.646000000000015,Yes,32,32,5959.94544874308,6950.563448526066,-990.6179997829859,60
13.57.229.187,174.138.124.52,174.138.124.52,56255.239963531494,65848.48141670227,-9593.241453170776,82.004,82.344,-0.3399999999999892,Yes,32,32,2553.2189578028697,2553.2189578028697,0.0,59
13.57.229.187,216.18.168.1,216.18.168.1,85313.55428695679,85476.567029953,-163.01274299621582,8.467,8.506,-0.0389999999999997,Yes,32,32,2674.2850801452764,2674.2850801452764,0.0,60
13.57.229.187,194.187.98.167,52.51.19.158,1781.6050052642822,37045.67623138428,-35264.071226119995,150.651,125.679,24.97200000000001,Yes,20,32,5476.55203331917,5103.7908501391175,372.7611831800523,60
13.57.229.187,192.147.130.204,104.91.178.31,85306.94580078125,157.7589511871338,85149.18684959412,147.982,3.146,144.836,Yes,32,14,0.7952049142025099,2058.8026802818467,-2058.007475367644,16
13.57.229.187,216.21.13.12,216.21.13.13,74595.04437446594,73285.57682037354,1309.4675540924072,12.923,12.878,0.04499999999999993,Yes,32,32,1318.3535005864298,1318.3535005864298,0.0,60
13.57.229.187,151.101.64.84,151.101.40.84,100117.2034740448,100130.30576705933,-13.102293014526367,2.122,2.142,-0.020000000000000018,Yes,32,32,40.52738651831432,0.0,40.52738651831432,2
13.57.229.187,180.240.134.85,54.192.146.82,7518.489599227905,95147.08542823792,-87628.59582901001,181.780,3.445,178.335,Yes,18,32,8487.308637783162,709.3337726924899,7777.974865090672,60
13.57.229.187,54.153.63.33,104.27.148.33,155001.36971473694,916.705846786499,154084.66386795044,0.868,2.872,-2.004,No,32,14,0.0,1318.3535005864298,-1318.3535005864298,60
13.57.229.187,23.72.18.119,23.72.18.119,403.40232849121094,417.49119758605957,-14.088869094848633,5.496,5.503,-0.006999999999999673,Yes,19,19,2683.5741136952497,2683.5741136952497,0.0,20
13.57.229.187,172.217.6.35,172.217.5.99,257.19356536865234,10180.191993713379,-9922.998428344727,2.327,2.406,-0.07900000000000018,Yes,16,16,10.68649768129824,10.68649768129824,0.0,60
13.57.229.187,123.30.175.29,123.30.175.29,71504.65679168701,71840.37780761719,-335.7210159301758,185.564,185.802,-0.23799999999999955,Yes,32,32,7359.316510054403,7359.316510054403,0.0,59
13.57.229.187,146.185.29.109,146.185.29.109,27179.400205612183,26526.151418685913,653.2487869262695,137.922,137.813,0.10900000000000887,Yes,32,32,5378.207738568053,5378.207738568053,0.0,60
13.57.229.187,162.125.248.1,162.125.7.1,8740.40174484253,5169.837474822998,3570.5642700195312,152.305,2.692,149.613,Yes,19,17,40.52738651831432,40.52738651831432,0.0,60
13.57.229.187,31.13.76.68,31.13.70.36,330.6748867034912,409.4111919403076,-78.7363052368164,20.642,10.354,10.288,Yes,21,20,709.0474680072001,305.4771129418731,403.570355065327,12
13.57.229.187,176.32.108.185,54.192.143.246,32152.17876434326,15309.410810470581,16842.76795387268,127.038,1.937,125.101,Yes,32,17,5103.7908501391175,709.3337726924899,4394.457077446627,28
13.57.229.187,104.20.71.110,104.20.72.110,807.9681396484375,748.7974166870117,59.17072296142578,2.781,2.243,0.5380000000000003,Yes,14,14,1318.3535005864298,1318.3535005864298,0.0,60
13.57.229.187,124.225.65.154,124.225.65.154,38014.864921569824,28719.02370452881,9295.841217041016,183.922,183.968,-0.04599999999999227,Yes,28,28,7228.328775591924,7228.328775591924,0.0,60
13.57.229.187,151.101.0.81,151.101.40.81,100153.02610397339,100162.92095184326,-9.894847869873047,2.118,2.295,-0.17700000000000005,Yes,32,32,40.52738651831432,0.0,40.52738651831432,30
13.57.229.187,103.23.108.107,103.23.108.200,4260.1940631866455,2034.043788909912,2226.1502742767334,135.381,135.247,0.13399999999998613,Yes,20,20,6489.643013980215,6489.643013980215,0.0,60
13.57.229.187,172.217.0.35,172.217.6.35,238.82579803466797,216.43996238708496,22.385835647583008,2.722,2.414,0.30799999999999983,Yes,16,16,10.68649768129824,10.68649768129824,0.0,60
13.57.229.187,192.229.162.211,151.101.41.2,638.709545135498,100122.46465682983,-99483.75511169434,96.512,1.962,94.55,Yes,18,32,1318.3535005864298,0.0,1318.3535005864298,29
13.57.229.187,50.63.202.10,52.84.237.84,90143.0115699768,15942.436218261719,74200.57535171509,22.536,2.180,20.356,Yes,32,17,619.3039821895841,711.0109079557491,-91.706925766165,60
13.57.229.187,54.239.33.58,54.192.142.82,27329.82325553894,15121.48118019104,12208.3420753479,130.507,3.288,127.21900000000001,Yes,32,17,5103.7908501391175,709.3337726924899,4394.457077446627,13
13.57.229.187,151.101.129.67,151.101.189.67,100116.18185043335,100115.51713943481,0.6647109985351562,2.107,2.197,-0.08999999999999986,Yes,32,32,40.52738651831432,0.0,40.52738651831432,20
13.57.229.187,72.21.210.29,72.21.210.29,11486.268043518066,16502.274990081787,-5016.006946563721,72.427,72.545,-0.117999999999995,Yes,32,32,2396.50441953451,2396.50441953451,0.0,60
13.57.229.187,104.16.146.241,104.16.147.241,924.511194229126,938.2967948913574,-13.785600662231445,2.864,2.387,0.47699999999999987,Yes,14,14,1318.3535005864298,1318.3535005864298,0.0,60
13.57.229.187,52.95.116.115,54.192.142.119,37435.60218811035,15883.500814437866,21552.101373672485,130.797,1.884,128.913,Yes,32,17,5103.7908501391175,709.3337726924899,4394.457077446627,13
13.57.229.187,151.101.1.164,151.101.41.164,100150.46262741089,100149.57308769226,0.8895397186279297,2.068,2.295,-0.22699999999999987,Yes,32,32,40.52738651831432,0.0,40.52738651831432,27
13.57.229.187,216.58.192.3,216.58.216.163,10609.23957824707,543.5402393341064,10065.699338912964,2.599,22.709,-20.11,No,16,21,10.68649768129824,10.68649768129824,0.0,60
13.57.229.187,151.101.0.81,212.58.244.68,100103.32489013672,90234.0931892395,9869.231700897217,2.192,139.724,-137.53199999999998,No,32,32,40.52738651831432,5378.207738568053,-5337.680352049739,60
13.57.229.187,172.217.164.99,172.217.3.163,570.9021091461182,20885.892391204834,-20314.990282058716,2.552,24.128,-21.576,No,16,21,10.68649768129824,10.68649768129824,0.0,60
13.57.229.187,216.58.192.3,172.217.3.195,10156.041860580444,10460.357427597046,-304.31556701660156,2.642,23.911,-21.269000000000002,No,16,21,10.68649768129824,10.68649768129824,0.0,60
13.57.229.187,208.82.237.226,208.82.238.17,1277.7471542358398,341.51506423950195,936.2320899963379,74.982,3.613,71.369,Yes,23,18,43.65846889979207,43.65846889979207,0.0,60
13.57.229.187,42.236.9.70,101.198.192.46,63015.75446128845,75572.8440284729,-12557.089567184448,323.463,168.867,154.59600000000003,Yes,32,32,6334.540574431659,5959.94544874308,374.59512568857826,60
13.57.229.187,52.84.234.31,52.84.240.46,15123.7313747406,15166.331052780151,-42.59967803955078,3.625,2.072,1.553,Yes,17,17,711.0109079557491,711.0109079557491,0.0,7
13.57.229.187,104.17.200.68,104.17.199.68,1129.6899318695068,5831.934928894043,-4702.244997024536,36.861,2.643,34.217999999999996,Yes,14,14,1318.3535005864298,1318.3535005864298,0.0,60
13.57.229.187,151.101.193.69,151.101.129.69,100106.08053207397,100108.4554195404,-2.374887466430664,1.869,1.999,-0.13000000000000012,Yes,32,32,40.52738651831432,40.52738651831432,0.0,60
13.57.229.187,103.49.221.211,203.190.242.211,32117.3312664032,31757.071495056152,360.2597713470459,194.958,195.034,-0.0759999999999934,Yes,19,19,8705.8213218942,8705.8213218942,0.0,60
13.57.229.187,216.58.192.3,172.217.3.163,10227.532625198364,20621.076345443726,-10393.543720245361,2.548,23.958,-21.409999999999997,No,16,21,10.68649768129824,10.68649768129824,0.0,60
13.57.229.187,216.58.194.163,216.58.194.163,10146.074056625366,10156.891584396362,-10.817527770996094,2.824,2.677,0.1469999999999998,Yes,16,16,10.68649768129824,10.68649768129824,0.0,60
13.57.229.187,140.205.174.2,66.102.255.61,62023.27609062195,60684.94391441345,1338.332176208496,205.307,9.832,195.475,Yes,32,32,6293.640161560898,2402.1462226866506,3891.4939388742478,60
13.57.229.187,23.220.193.68,104.81.48.202,3761.141538619995,154.01482582092285,3607.1267127990723,12.165,3.675,8.489999999999998,Yes,17,14,2683.5741136952497,2683.5741136952497,0.0,20
13.57.229.187,172.217.6.67,172.217.5.99,250.4751682281494,10184.505224227905,-9934.030055999756,2.650,3.570,-0.9199999999999999,Yes,16,16,10.68649768129824,10.68649768129824,0.0,60
13.57.229.187,118.191.216.57,118.191.216.42,66246.23227119446,71117.9895401001,-4871.75726890564,155.196,155.246,-0.05000000000001137,Yes,32,32,6946.115050080699,6946.115050080699,0.0,60
13.57.229.187,195.8.215.136,195.8.215.136,11920.779466629028,11718.213319778442,202.56614685058594,145.689,145.723,-0.034000000000020236,Yes,30,30,5586.241732881306,5586.241732881306,0.0,60
13.57.229.187,96.43.145.26,96.43.145.26,5287.480592727661,5253.567457199097,33.91313552856445,61.068,61.351,-0.28300000000000125,Yes,17,17,41.58486272128258,41.58486272128258,0.0,60
13.57.229.187,151.101.64.217,151.101.0.217,100192.5220489502,100238.37685585022,-45.854806900024414,2.198,2.181,0.016999999999999904,Yes,32,32,40.52738651831432,40.52738651831432,0.0,60
13.57.229.187,104.199.64.136,104.154.127.47,66348.52838516235,50526.477098464966,15822.051286697388,109.119,37.959,71.16,Yes,32,29,10.68649768129824,10.68649768129824,0.0,60
13.57.229.187,172.217.5.99,172.217.6.35,10187.13641166687,155.6568145751953,10031.479597091675,2.568,2.493,0.07500000000000018,Yes,16,16,10.68649768129824,10.68649768129824,0.0,60
13.57.229.187,104.27.217.28,104.27.216.28,783.2894325256348,816.7634010314941,-33.473968505859375,2.110,2.193,-0.08300000000000018,Yes,14,14,1318.3535005864298,1318.3535005864298,0.0,60
13.57.229.187,219.85.79.131,219.85.79.131,6032.1691036224365,4843.86682510376,1188.3022785186768,132.459,132.418,0.04099999999999682,Yes,20,19,6614.1839565089895,6614.1839565089895,0.0,60
13.57.229.187,133.237.61.176,23.72.3.52,85736.77825927734,324.7401714324951,85412.03808784485,104.563,5.368,99.19500000000001,Yes,32,19,5191.719095991931,2683.5741136952497,2508.144982296681,20
13.57.229.187,211.159.244.178,23.213.115.33,48151.594400405884,117.6748275756836,48033.9195728302,193.864,3.543,190.321,Yes,32,14,5959.94544874308,2683.5741136952497,3276.3713350478306,20
13.57.229.187,101.227.188.170,104.68.123.66,27711.962938308716,162.29701042175293,27549.665927886963,213.730,3.441,210.289,Yes,27,14,6204.893864821768,2683.5741136952497,3521.3197511265184,20
13.57.229.187,52.33.182.156,104.244.99.18,951.054573059082,80542.58394241333,-79591.52936935425,21.084,2.062,19.022,Yes,26,32,599.6299218282041,376.5782563641541,223.05166546405007,60
13.57.229.187,108.174.11.74,108.174.10.19,100140.07902145386,100124.666929245,15.412092208862305,41.828,2.230,39.598000000000006,Yes,32,32,10.68649768129824,10.68649768129824,0.0,60
13.57.229.187,104.16.164.50,104.16.168.50,786.1175537109375,743.3488368988037,42.76871681213379,2.678,2.514,0.16400000000000015,Yes,14,14,1318.3535005864298,1318.3535005864298,0.0,60
13.57.229.187,216.58.194.163,172.217.6.35,8569.588422775269,243.73579025268555,8325.852632522583,2.708,2.588,0.1200000000000001,Yes,16,16,10.68649768129824,10.68649768129824,0.0,60
13.57.229.187,151.101.65.111,151.101.189.111,100117.60449409485,100112.43343353271,5.171060562133789,2.181,2.156,0.02499999999999991,Yes,32,32,40.52738651831432,0.0,40.52738651831432,30
13.57.229.187,185.147.178.13,185.147.178.12,1938.5592937469482,1764.3177509307861,174.2415428161621,171.897,173.705,-1.8080000000000211,No,28,28,7387.335839728875,7387.335839728875,0.0,60
13.57.229.187,103.64.14.18,103.64.14.17,2878.471851348877,1979.602575302124,898.8692760467529,187.639,186.001,1.6380000000000052,Yes,19,19,8705.88974217499,8705.88974217499,0.0,60
13.57.229.187,104.16.195.240,104.16.194.240,867.1994209289551,979.2280197143555,-112.02859878540039,2.369,2.369,0.0,Yes,14,14,1318.3535005864298,1318.3535005864298,0.0,60
13.57.229.187,198.134.112.244,198.134.112.243,36293.72239112854,35747.01642990112,546.705961227417,73.627,73.614,0.012999999999991019,Yes,32,32,2574.146852729941,2574.146852729941,0.0,60
13.57.229.187,104.16.58.5,104.16.59.5,800.0147342681885,817.4378871917725,-17.423152923583984,2.819,2.441,0.3780000000000001,Yes,14,14,1318.3535005864298,1318.3535005864298,0.0,60
13.57.229.187,205.204.101.42,198.11.132.23,85304.29196357727,70651.11231803894,14653.17964553833,3.142,3.290,-0.14800000000000013,Yes,32,32,28.61690695711888,28.61690695711888,0.0,60
13.57.229.187,169.44.159.200,169.44.165.64,80157.874584198,85152.71711349487,-4994.842529296875,2.912,2.560,0.35199999999999987,Yes,32,32,1318.3535005864298,1318.3535005864298,0.0,30
13.57.229.187,23.204.108.65,184.25.56.186,216.04347229003906,208.9245319366455,7.118940353393555,5.197,3.531,1.666,Yes,19,14,7.869039569350205,305.4771129418731,-297.6080733725229,20
13.57.229.187,104.18.73.52,104.18.72.52,804.1768074035645,942.8887367248535,-138.71192932128906,2.458,2.784,-0.3259999999999996,Yes,14,14,1318.3535005864298,1318.3535005864298,0.0,60
13.57.229.187,216.58.217.36,216.58.193.67,706.4895629882812,663.7325286865234,42.75703430175781,24.050,23.932,0.1180000000000021,Yes,21,21,10.68649768129824,10.68649768129824,0.0,60
13.57.229.187,204.74.99.100,96.43.145.26,80457.20219612122,5300.746440887451,75156.45575523376,2.428,61.866,-59.438,No,32,17,28.43772856363431,41.58486272128258,-13.147134157648274,60
13.57.229.187,216.58.192.3,172.217.3.195,10231.961488723755,10624.96018409729,-392.99869537353516,2.630,23.960,-21.330000000000002,No,16,21,10.68649768129824,10.68649768129824,0.0,60
13.57.229.187,63.245.215.20,104.16.41.2,65485.32938957214,1967.789888381958,63517.539501190186,3.861,3.133,0.7280000000000002,Yes,32,14,10.624693536752892,1318.3535005864298,-1307.728807049677,60
13.57.229.187,185.89.12.132,185.89.12.132,71498.9058971405,71516.40033721924,-17.49444007873535,193.428,193.501,-0.0730000000000075,Yes,32,32,5908.564892676899,5908.564892676899,0.0,60
13.57.229.187,216.58.195.67,74.125.197.94,262.01844215393066,45498.48771095276,-45236.46926879883,2.665,24.151,-21.486,No,16,27,10.68649768129824,10.68649768129824,0.0,60
13.57.229.187,216.58.192.3,74.125.197.94,10198.073625564575,45396.562814712524,-35198.48918914795,2.599,85.166,-82.567,No,16,27,10.68649768129824,10.68649768129824,0.0,60
13.57.229.187,64.30.228.118,23.72.17.124,80456.68244361877,203.9170265197754,80252.765417099,19.066,5.617,13.448999999999998,Yes,32,18,2550.2752721530755,2683.5741136952497,-133.29884154217416,20
13.57.229.187,107.178.250.249,107.178.250.249,10205.76024055481,310.4979991912842,9895.262241363525,2.688,2.679,0.009000000000000341,Yes,16,16,2413.8057621522626,2413.8057621522626,0.0,60
13.57.229.187,163.53.78.128,163.53.78.128,68260.39552688599,69005.68866729736,-745.293140411377,203.470,205.480,-2.009999999999991,No,32,32,8300.14114058536,8300.14114058536,0.0,60
13.57.229.187,104.25.64.8,104.25.65.8,898.8101482391357,937.4165534973145,-38.60640525817871,2.850,2.422,0.42799999999999994,Yes,14,14,1318.3535005864298,1318.3535005864298,0.0,60
13.57.229.187,216.58.194.163,172.217.5.99,10213.928699493408,10182.692766189575,31.235933303833008,2.657,2.550,0.1070000000000002,Yes,16,16,10.68649768129824,10.68649768129824,0.0,60
13.57.229.187,220.243.212.211,220.243.212.211,820.4362392425537,178.02667617797852,642.4095630645752,17.858,18.310,-0.4519999999999982,Yes,17,17,5959.94544874308,5959.94544874308,0.0,36
13.57.229.187,46.28.209.62,46.28.209.62,61175.904989242554,75895.62034606934,-14719.715356826782,165.695,165.947,-0.25200000000000955,Yes,32,32,5807.1242292778925,5807.1242292778925,0.0,60
13.57.229.187,124.127.180.200,220.243.212.34,52036.80610656738,1725.745439529419,50311.060667037964,260.666,129.310,131.356,Yes,32,17,5959.94544874308,5959.94544874308,0.0,3
13.57.229.187,104.25.72.110,104.25.71.110,789.311408996582,784.7657203674316,4.545688629150391,2.484,2.664,-0.18000000000000016,Yes,14,14,1318.3535005864298,1318.3535005864298,0.0,60
13.57.229.187,151.101.192.204,151.101.188.249,100119.4977760315,100135.14137268066,-15.643596649169922,2.070,2.363,-0.29300000000000015,Yes,32,32,40.52738651831432,0.0,40.52738651831432,30
13.57.229.187,186.192.90.5,186.192.81.5,71662.51468658447,71666.99981689453,-4.485130310058594,179.990,181.056,-1.0660000000000025,No,32,32,6573.3743264187,6573.3743264187,0.0,60
13.57.229.187,104.18.128.69,104.18.132.69,790.1148796081543,702.2533416748047,87.86153793334961,2.311,2.054,0.2570000000000001,Yes,14,14,1318.3535005864298,1318.3535005864298,0.0,60
13.57.229.187,209.225.49.79,54.230.116.15,954.6999931335449,95144.62852478027,-94189.92853164673,70.070,3.324,66.746,Yes,21,32,6413.629217652683,704.5834863792031,5709.04573127348,60
13.57.229.187,31.13.76.102,31.13.70.1,387.71724700927734,494.17567253112793,-106.45842552185059,19.232,10.609,8.623,Yes,21,20,709.0474680072001,305.4771129418731,403.570355065327,44
13.57.229.187,169.48.110.99,173.193.136.152,75373.70014190674,25697.676181793213,49676.023960113525,39.062,40.151,-1.0890000000000057,No,32,22,5476.55203331917,1450.7729817751626,4025.7790515440074,60
13.57.229.187,216.58.195.67,173.194.202.94,191.1337375640869,50503.83234024048,-50312.69860267639,2.691,24.178,-21.487000000000002,No,16,29,10.68649768129824,10.68649768129824,0.0,60
13.57.229.187,200.147.67.142,52.84.235.17,42175.67420005798,15156.300783157349,27019.373416900635,245.952,2.817,243.135,Yes,32,17,6574.392644108413,711.0109079557491,5863.381736152664,60
13.57.229.187,172.217.6.35,172.217.3.163,222.57375717163086,10637.132167816162,-10414.558410644531,2.624,22.701,-20.077,No,16,21,10.68649768129824,10.68649768129824,0.0,60
13.57.229.187,151.101.1.224,151.101.41.224,100131.56843185425,100168.84756088257,-37.27912902832031,2.391,11.989,-9.598,No,32,32,40.52738651831432,0.0,40.52738651831432,30
13.57.229.187,151.101.64.175,151.101.42.152,100124.14813041687,100124.9577999115,-0.8096694946289062,2.212,1.991,0.22100000000000009,Yes,32,32,40.52738651831432,0.0,40.52738651831432,30
13.57.229.187,52.84.150.31,52.84.150.27,1781.001091003418,1673.1388568878174,107.86223411560059,153.476,153.422,0.054000000000002046,Yes,19,19,711.0109079557491,711.0109079557491,0.0,16
13.57.229.187,172.217.6.35,74.125.135.94,242.98572540283203,45323.23861122131,-45080.25288581848,2.472,24.048,-21.575999999999997,No,16,27,10.68649768129824,10.68649768129824,0.0,60
13.57.229.187,172.217.5.99,172.217.5.99,10176.06234550476,10164.660930633545,11.40141487121582,2.487,2.507,-0.020000000000000018,Yes,16,16,10.68649768129824,10.68649768129824,0.0,60
13.57.229.187,124.243.192.30,123.58.16.132,54801.448822021484,49278.80597114563,5522.6428508758545,227.590,308.791,-81.201,No,30,31,5959.94544874308,5959.94544874308,0.0,30
13.57.229.187,118.191.216.42,118.191.216.57,70963.31906318665,66072.31640815735,4891.002655029297,155.177,156.059,-0.882000000000005,Yes,32,32,6946.115050080699,6946.115050080699,0.0,60
13.57.229.187,52.84.235.102,151.101.190.112,15316.767692565918,100108.35886001587,-84791.59116744995,3.477,2.203,1.274,Yes,17,32,711.0109079557491,0.0,711.0109079557491,30
